1979c1a26597af556009c84eb496ec5f,9 March 2021  10:05 AM,9 March 2021  10:20 AM,15 хв 17 сек,"8,00","0,50","0,50","0,50","0,00","0,50","0,50","0,50","0,50","0,50","0,50","0,50","0,50","0,50","0,50","0,00","0,50","0,50","0,00","0,00","0,50"
505b91b1624590009ced875739f764eb,10 March 2021  08:32 AM,10 March 2021  08:39 AM,7 хв 36 сек,"8,00","0,00","0,50","0,50","0,50","0,50","0,50","0,00","0,00","0,50","0,50","0,50","0,50","0,50","0,50","0,50","0,00","0,50","0,50","0,50","0,50"
9d573ca71b65c42995513a285239e6fb,10 March 2021  08:32 AM,10 March 2021  08:40 AM,8 хв 36 сек,"7,00","0,50","0,50","0,50","0,50","0,50","0,50","0,00","0,50","0,50","0,50","0,50","0,50","0,50","0,50","0,00","0,00","0,50","0,00","0,00","0,00"
0965106f5aab6c37d3f2bffdb7ad0f8c,10 March 2021  08:32 AM,10 March 2021  08:52 AM,20 хв,"8,00","0,50","0,50","0,00","0,50","0,50","0,50","0,00","0,50","0,50","0,50","0,50","0,00","0,50","0,50","0,00","0,50","0,50","0,50","0,50","0,50"
93c16c07e3c7028534907ffac7111b23,10 March 2021  08:32 AM,10 March 2021  08:43 AM,10 хв 40 сек,"4,00","0,50","0,50","0,00","0,50","0,00","0,00","0,00","0,00","0,00","0,50","0,00","0,00","0,50","0,50","0,50","0,00","0,50","0,00","0,00","0,00"
2a82fb14f4123e143879e249a51d3010,10 March 2021  08:32 AM,10 March 2021  08:46 AM,14 хв 25 сек,"8,00","0,50","0,50","0,50","0,00","0,50","0,50","0,50","0,50","0,50","0,50","0,50","0,50","0,50","0,50","0,00","0,50","0,50","0,00","0,00","0,50"
73950a87f442a5d1e9d25615dc017aae,10 March 2021  08:32 AM,10 March 2021  08:45 AM,12 хв 59 сек,"9,50","0,50","0,50","0,50","0,50","0,50","0,50","0,00","0,50","0,50","0,50","0,50","0,50","0,50","0,50","0,50","0,50","0,50","0,50","0,50","0,50"
540eebab6b224de44e02a3914cf00dd1,10 March 2021  08:32 AM,10 March 2021  08:47 AM,14 хв 38 сек,"10,00","0,50","0,50","0,50","0,50","0,50","0,50","0,50","0,50","0,50","0,50","0,50","0,50","0,50","0,50","0,50","0,50","0,50","0,50","0,50","0,50"
1f36b37152c4d070de34339b79d73393,10 March 2021  08:32 AM,10 March 2021  08:42 AM,9 хв 56 сек,"5,50","0,00","0,50","0,50","0,50","0,00","0,50","0,00","0,00","0,00","0,50","0,50","0,00","0,50","0,50","0,50","0,50","0,50","0,00","0,00","0,00"
54615f1bcad85c5bb5fd505e02577ac1,10 March 2021  08:32 AM,10 March 2021  08:46 AM,13 хв 48 сек,"10,00","0,50","0,50","0,50","0,50","0,50","0,50","0,50","0,50","0,50","0,50","0,50","0,50","0,50","0,50","0,50","0,50","0,50","0,50","0,50","0,50"
02a200a6a9b546ffc6e5d7d7cd7c5dda,10 March 2021  08:32 AM,10 March 2021  08:49 AM,16 хв 44 сек,"7,50","0,50","0,50","0,50","0,00","0,50","0,00","0,50","0,50","0,50","0,50","0,50","0,50","0,50","0,50","0,00","0,50","0,50","0,00","0,00","0,50"
432386202a28a78b3e2724fd7a76ba2b,10 March 2021  08:32 AM,10 March 2021  08:52 AM,19 хв 34 сек,"6,00","0,00","0,50","0,50","0,50","0,50","0,00","0,00","0,50","0,50","0,50","0,00","0,50","0,50","0,50","0,50","0,00","0,00","0,00","0,00","0,50"
f7ffa2f4dd9786c082a6b1f02fc30469,10 March 2021  08:32 AM,10 March 2021  08:52 AM,19 хв 48 сек,"8,50","0,50","0,50","0,50","0,50","0,50","0,50","0,50","0,50","0,50","0,50","0,50","0,00","0,50","0,50","0,50","0,50","0,50","0,50","0,00","0,00"
e5b05ab5e871e3b4e3591e4ffcb02248,10 March 2021  08:32 AM,10 March 2021  08:49 AM,16 хв 50 сек,"8,50","0,50","0,50","0,50","0,50","0,50","0,50","0,00","0,50","0,50","0,50","0,50","0,50","0,50","0,50","0,00","0,50","0,50","0,00","0,50","0,50"
f7a287071f7b2e665dea79e892db49a1,10 March 2021  08:32 AM,10 March 2021  08:52 AM,19 хв 35 сек,"8,50","0,50","0,50","0,50","0,50","0,50","0,00","0,50","0,00","0,50","0,50","0,50","0,50","0,50","0,50","0,50","0,50","0,00","0,50","0,50","0,50"
ada3a215995b470b57637eb018bf7036,10 March 2021  08:32 AM,10 March 2021  08:45 AM,12 хв 45 сек,"8,00","0,50","0,50","0,50","0,50","0,50","0,50","0,50","0,00","0,50","0,50","0,50","0,50","0,50","0,50","0,00","0,50","0,50","0,00","0,00","0,50"
c38c0652eadc16c16d13f58913a1a9dc,10 March 2021  08:32 AM,10 March 2021  08:47 AM,14 хв 21 сек,"7,50","0,50","0,50","0,50","0,50","0,50","0,50","0,00","0,50","0,50","0,50","0,50","0,50","0,00","0,50","0,50","0,50","0,00","0,00","0,00","0,50"
6b815df698bb756e4fb0af5f30e834da,10 March 2021  08:32 AM,10 March 2021  08:47 AM,14 хв 50 сек,"10,00","0,50","0,50","0,50","0,50","0,50","0,50","0,50","0,50","0,50","0,50","0,50","0,50","0,50","0,50","0,50","0,50","0,50","0,50","0,50","0,50"
246f8381462e46778875856c349c2f7b,10 March 2021  08:33 AM,10 March 2021  08:50 AM,17 хв 16 сек,"9,50","0,50","0,50","0,50","0,50","0,50","0,50","0,50","0,50","0,50","0,50","0,50","0,00","0,50","0,50","0,50","0,50","0,50","0,50","0,50","0,50"
3cffec4f66302d825907f1e751273fb5,10 March 2021  08:33 AM,10 March 2021  08:49 AM,16 хв 45 сек,"7,50","0,50","0,50","0,50","0,50","0,50","0,50","0,00","0,50","0,50","0,50","0,50","0,50","0,50","0,50","0,50","0,50","0,00","0,00","0,00","0,00"
61073f39426e71fc65514c2c793beb8f,10 March 2021  08:33 AM,10 March 2021  08:43 AM,10 хв 43 сек,"10,00","0,50","0,50","0,50","0,50","0,50","0,50","0,50","0,50","0,50","0,50","0,50","0,50","0,50","0,50","0,50","0,50","0,50","0,50","0,50","0,50"
1f363bc0b2f7c22c0133962add5339e7,10 March 2021  08:33 AM,10 March 2021  08:50 AM,17 хв 49 сек,"10,00","0,50","0,50","0,50","0,50","0,50","0,50","0,50","0,50","0,50","0,50","0,50","0,50","0,50","0,50","0,50","0,50","0,50","0,50","0,50","0,50"
674b89014c2cfd6d42f3d425efd1d446,10 March 2021  08:33 AM,10 March 2021  08:49 AM,16 хв 31 сек,"9,00","0,00","0,50","0,50","0,50","0,50","0,50","0,50","0,50","0,50","0,50","0,50","0,50","0,50","0,50","0,50","0,50","0,50","0,00","0,50","0,50"
e47dd5159aab76e36d503d0dc65f1eb8,10 March 2021  08:33 AM,10 March 2021  08:40 AM,7 хв 32 сек,"9,50","0,00","0,50","0,50","0,50","0,50","0,50","0,50","0,50","0,50","0,50","0,50","0,50","0,50","0,50","0,50","0,50","0,50","0,50","0,50","0,50"
056ab1676355b70a294513fdeb7cb998,10 March 2021  08:33 AM,10 March 2021  08:52 AM,18 хв 52 сек,"10,00","0,50","0,50","0,50","0,50","0,50","0,50","0,50","0,50","0,50","0,50","0,50","0,50","0,50","0,50","0,50","0,50","0,50","0,50","0,50","0,50"
ac2ccd0cb34416d13d9c5f889d6303af,10 March 2021  08:33 AM,10 March 2021  08:50 AM,17 хв 10 сек,"7,50","0,50","0,50","0,50","0,50","0,50","0,00","0,00","0,50","0,50","0,50","0,50","0,50","0,50","0,50","0,50","0,50","0,00","0,00","0,50","0,00"
133b55c39560f06ab32582c6a62f9b10,10 March 2021  08:33 AM,10 March 2021  08:50 AM,17 хв 28 сек,"9,00","0,50","0,50","0,50","0,50","0,00","0,50","0,00","0,50","0,50","0,50","0,50","0,50","0,50","0,50","0,50","0,50","0,50","0,50","0,50","0,50"
3012c412122b09da9b5e2c3e65ab4682,10 March 2021  08:33 AM,10 March 2021  08:44 AM,11 хв 14 сек,"8,00","0,00","0,50","0,50","0,50","0,50","0,50","0,00","0,50","0,50","0,50","0,50","0,50","0,50","0,50","0,50","0,50","0,00","0,50","0,00","0,50"
32cecde9991a3dc2494019ebd5eff6ea,10 March 2021  08:33 AM,10 March 2021  08:52 AM,18 хв 55 сек,"10,00","0,50","0,50","0,50","0,50","0,50","0,50","0,50","0,50","0,50","0,50","0,50","0,50","0,50","0,50","0,50","0,50","0,50","0,50","0,50","0,50"
54e1b04e8485e1133a8d2122ad080bec,10 March 2021  08:33 AM,10 March 2021  08:50 AM,17 хв 19 сек,"9,50","0,50","0,50","0,50","0,50","0,00","0,50","0,50","0,50","0,50","0,50","0,50","0,50","0,50","0,50","0,50","0,50","0,50","0,50","0,50","0,50"
c6f27731775d5e147c4f9cf7473af2d6,10 March 2021  08:33 AM,10 March 2021  08:51 AM,17 хв 46 сек,"10,00","0,50","0,50","0,50","0,50","0,50","0,50","0,50","0,50","0,50","0,50","0,50","0,50","0,50","0,50","0,50","0,50","0,50","0,50","0,50","0,50"
86b9444cb8a21541e566d251c5aab160,10 March 2021  08:33 AM,10 March 2021  08:49 AM,16 хв 14 сек,"10,00","0,50","0,50","0,50","0,50","0,50","0,50","0,50","0,50","0,50","0,50","0,50","0,50","0,50","0,50","0,50","0,50","0,50","0,50","0,50","0,50"
b9b16d3948635263d1dc9adc69a17e86,10 March 2021  08:33 AM,10 March 2021  08:50 AM,16 хв 51 сек,"9,50","0,50","0,50","0,50","0,50","0,50","0,50","0,50","0,50","0,50","0,50","0,50","0,50","0,50","0,50","0,00","0,50","0,50","0,50","0,50","0,50"
f2c3131156bfac49a1444b046fbeb8ae,10 March 2021  08:33 AM,10 March 2021  08:49 AM,15 хв 10 сек,"9,00","0,50","0,50","0,50","0,50","0,50","0,50","0,50","0,50","0,50","0,50","0,50","0,50","0,50","0,50","0,50","0,50","0,00","0,00","0,50","0,50"
c191f8eca21576125ecf0b3cb21f9c2f,10 March 2021  08:34 AM,10 March 2021  08:53 AM,19 хв 48 сек,"9,00","0,50","0,50","0,50","0,50","0,50","0,50","0,50","0,50","0,50","0,50","0,50","0,50","0,50","0,50","0,50","0,50","0,50","0,00","0,50","0,00"
98f8cfc7fb4f7b51009dfad690340704,10 March 2021  08:34 AM,10 March 2021  08:49 AM,15 хв 36 сек,"10,00","0,50","0,50","0,50","0,50","0,50","0,50","0,50","0,50","0,50","0,50","0,50","0,50","0,50","0,50","0,50","0,50","0,50","0,50","0,50","0,50"
a5d9a7c21ae79b89d6b4de43e401eccb,10 March 2021  08:34 AM,10 March 2021  08:53 AM,19 хв 16 сек,"9,50","0,50","0,50","0,50","0,50","0,50","0,50","0,50","0,50","0,50","0,50","0,50","0,50","0,50","0,50","0,00","0,50","0,50","0,50","0,50","0,50"
c3ceaffc872e18d8f93bd3264680a70e,10 March 2021  08:34 AM,10 March 2021  08:46 AM,12 хв 4 сек,"0,50","0,00","0,00","0,00","0,00","0,00","0,00","0,00","0,00","0,00","0,00","0,00","0,00","0,00","0,00","0,00","0,00","0,50","0,00","0,00","0,00"
4f6441f17148808a4000922e15900510,10 March 2021  08:34 AM,10 March 2021  08:49 AM,15 хв 32 сек,"9,50","0,50","0,50","0,50","0,50","0,50","0,50","0,50","0,50","0,50","0,50","0,50","0,50","0,50","0,50","0,00","0,50","0,50","0,50","0,50","0,50"
f074c5fe7fc8f42eb899f3e9220b4839,10 March 2021  08:34 AM,10 March 2021  08:50 AM,15 хв 30 сек,"10,00","0,50","0,50","0,50","0,50","0,50","0,50","0,50","0,50","0,50","0,50","0,50","0,50","0,50","0,50","0,50","0,50","0,50","0,50","0,50","0,50"
929ca1a791d59ce486f779989581a4e4,10 March 2021  08:34 AM,10 March 2021  08:54 AM,20 хв,"9,50","0,50","0,50","0,50","0,50","0,50","0,50","0,00","0,50","0,50","0,50","0,50","0,50","0,50","0,50","0,50","0,50","0,50","0,50","0,50","0,50"
3eb78e80b05cc6a3153f41310562bd7f,10 March 2021  08:34 AM,10 March 2021  08:54 AM,19 хв 36 сек,"8,00","0,00","0,50","0,50","0,50","0,50","0,50","0,00","0,00","0,50","0,50","0,50","0,50","0,50","0,50","0,50","0,50","0,50","0,00","0,50","0,50"
41da59587571746358a6a9dc09285c04,10 March 2021  08:34 AM,10 March 2021  08:48 AM,13 хв 39 сек,"10,00","0,50","0,50","0,50","0,50","0,50","0,50","0,50","0,50","0,50","0,50","0,50","0,50","0,50","0,50","0,50","0,50","0,50","0,50","0,50","0,50"
966b407b362e1bd55f7c0385dbf02ed5,10 March 2021  08:34 AM,10 March 2021  08:49 AM,14 хв 56 сек,"8,50","0,00","0,50","0,50","0,50","0,50","0,50","0,50","0,50","0,50","0,50","0,50","0,50","0,50","0,50","0,50","0,50","0,00","0,50","0,50","0,00"
b2e9b3453cccb52992bdea4f3c5ca2a5,10 March 2021  08:34 AM,10 March 2021  08:53 AM,18 хв 35 сек,"10,00","0,50","0,50","0,50","0,50","0,50","0,50","0,50","0,50","0,50","0,50","0,50","0,50","0,50","0,50","0,50","0,50","0,50","0,50","0,50","0,50"
f7d0ea2b226d720e7a91495f1d50cc10,10 March 2021  08:34 AM,10 March 2021  08:49 AM,14 хв 10 сек,"8,50","0,50","0,50","0,50","0,50","0,50","0,50","0,00","0,50","0,50","0,50","0,50","0,50","0,50","0,50","0,50","0,50","0,00","0,50","0,00","0,50"
952c5797c04f1a680ee5c5a3c668e5b2,10 March 2021  08:34 AM,10 March 2021  08:50 AM,15 хв 41 сек,"9,00","0,50","0,50","0,50","0,50","0,50","0,50","0,00","0,50","0,50","0,50","0,50","0,50","0,50","0,50","0,50","0,50","0,50","0,00","0,50","0,50"
01e45bead8a28a96f9a610fb0446cb8e,10 March 2021  08:35 AM,10 March 2021  08:51 AM,16 хв 1 сек,"9,50","0,50","0,50","0,00","0,50","0,50","0,50","0,50","0,50","0,50","0,50","0,50","0,50","0,50","0,50","0,50","0,50","0,50","0,50","0,50","0,50"
3796caf2dc1935c8373a57cc3f3612fc,10 March 2021  08:35 AM,10 March 2021  08:55 AM,19 хв 59 сек,"5,00","0,00","0,50","0,50","0,50","0,00","0,00","0,00","0,00","0,50","0,50","0,50","0,50","0,50","0,50","0,00","0,50","0,00","0,00","0,00","0,00"
c0b02e2a9c220f22e2748e226e01acc9,10 March 2021  08:35 AM,10 March 2021  08:51 AM,16 хв 18 сек,"9,00","0,50","0,50","0,50","0,50","0,50","0,50","0,00","0,50","0,50","0,50","0,50","0,50","0,50","0,50","0,50","0,50","0,00","0,50","0,50","0,50"
34dd9daa3fad563db87fbb042d75c17f,10 March 2021  08:35 AM,10 March 2021  08:48 AM,13 хв 16 сек,"9,00","0,50","0,50","0,50","0,50","0,50","0,50","0,00","0,50","0,50","0,50","0,50","0,50","0,50","0,50","0,50","0,50","0,00","0,50","0,50","0,50"
574715412fe7aa8a9b5db93614bc5abd,10 March 2021  08:35 AM,10 March 2021  08:55 AM,20 хв,"8,50","0,50","0,50","0,50","0,50","0,50","0,50","0,50","0,50","0,50","0,50","0,50","0,50","0,50","0,50","0,50","0,50","0,50","0,00","0,00",-
311bc1f2b38f5dba6748df4407318153,10 March 2021  08:35 AM,10 March 2021  08:51 AM,15 хв 7 сек,"10,00","0,50","0,50","0,50","0,50","0,50","0,50","0,50","0,50","0,50","0,50","0,50","0,50","0,50","0,50","0,50","0,50","0,50","0,50","0,50","0,50"
212b8a7ebef6a884914303252fb38e52,10 March 2021  08:36 AM,10 March 2021  08:51 AM,15 хв 11 сек,"10,00","0,50","0,50","0,50","0,50","0,50","0,50","0,50","0,50","0,50","0,50","0,50","0,50","0,50","0,50","0,50","0,50","0,50","0,50","0,50","0,50"
d8e9e4489097ee331b85d3e1bbc75a01,10 March 2021  08:36 AM,10 March 2021  08:47 AM,11 хв 37 сек,"7,00","0,50","0,50","0,50","0,00","0,50","0,50","0,50","0,50","0,50","0,00","0,50","0,50","0,50","0,00","0,00","0,50","0,50","0,00","0,00","0,50"
cef0127e7a40ae3d88b61112a638b9dc,10 March 2021  08:36 AM,10 March 2021  08:51 AM,15 хв 5 сек,"10,00","0,50","0,50","0,50","0,50","0,50","0,50","0,50","0,50","0,50","0,50","0,50","0,50","0,50","0,50","0,50","0,50","0,50","0,50","0,50","0,50"
16e478fb74aaf31147182ede2a836915,10 March 2021  08:36 AM,10 March 2021  08:49 AM,12 хв 48 сек,"9,00","0,50","0,50","0,50","0,50","0,50","0,50","0,50","0,00","0,50","0,50","0,50","0,50","0,50","0,50","0,50","0,50","0,00","0,50","0,50","0,50"
ef8301f1f92e0418439666ae2214dff7,10 March 2021  08:36 AM,10 March 2021  08:55 AM,18 хв 53 сек,"9,50","0,50","0,50","0,50","0,50","0,50","0,50","0,50","0,50","0,50","0,50","0,50","0,50","0,50","0,50","0,50","0,50","0,50","0,50","0,00","0,50"
d60696dfa06e69f9ddbd989600fdf05c,10 March 2021  08:36 AM,10 March 2021  08:56 AM,20 хв,"10,00","0,50","0,50","0,50","0,50","0,50","0,50","0,50","0,50","0,50","0,50","0,50","0,50","0,50","0,50","0,50","0,50","0,50","0,50","0,50","0,50"
f802e8ac0e91d5030ea6388f72669ace,10 March 2021  08:36 AM,10 March 2021  08:48 AM,11 хв 53 сек,"7,00","0,50","0,50","0,50","0,50","0,50","0,50","0,00","0,00","0,50","0,50","0,00","0,50","0,00","0,50","0,50","0,50","0,00","0,00","0,50","0,50"
cd65c7cd129c27454e243a84b8ba9ca2,10 March 2021  08:37 AM,10 March 2021  08:57 AM,20 хв 1 сек,"6,00","0,50","0,50","0,00","0,50","0,50","0,00","0,00",-,"0,50","0,50","0,50","0,50","0,50","0,50","0,00","0,00","0,00","0,50","0,50","0,00"
5d781f72033dcf88a4cfb2fee96f6454,10 March 2021  08:37 AM,10 March 2021  08:55 AM,17 хв 43 сек,"2,00","0,00","0,00","0,00","0,00","0,50","0,00","0,50","0,00","0,00","0,00","0,00","0,00","0,00","0,50","0,00","0,00","0,00","0,00","0,00","0,50"
5549c1f8b7b574d12316b0768a40d63e,10 March 2021  08:37 AM,10 March 2021  08:57 AM,19 хв 59 сек,"10,00","0,50","0,50","0,50","0,50","0,50","0,50","0,50","0,50","0,50","0,50","0,50","0,50","0,50","0,50","0,50","0,50","0,50","0,50","0,50","0,50"
0f24a3d849ce97b9d3b10b7f3a93cfd2,10 March 2021  08:38 AM,10 March 2021  08:53 AM,14 хв 53 сек,"9,50","0,50","0,50","0,50","0,50","0,50","0,50","0,00","0,50","0,50","0,50","0,50","0,50","0,50","0,50","0,50","0,50","0,50","0,50","0,50","0,50"
3bf54898257510366c1626dee454c06b,10 March 2021  08:38 AM,10 March 2021  08:58 AM,20 хв 1 сек,"5,50","0,50","0,50","0,50","0,50","0,00","0,00","0,00","0,00","0,50","0,50","0,50","0,50","0,50","0,50","0,00","0,50","0,00","0,00",-,"0,00"
8778a5941eb91feead04e87a318592d2,10 March 2021  08:38 AM,10 March 2021  08:58 AM,19 хв 42 сек,"8,00","0,50","0,50","0,50","0,50","0,50","0,50","0,00","0,50","0,50","0,50","0,50","0,50","0,50","0,50","0,50","0,50","0,00","0,00","0,50","0,00"
998e6440be912e4d2e7655879f40a79d,10 March 2021  08:39 AM,10 March 2021  08:58 AM,19 хв 57 сек,"10,00","0,50","0,50","0,50","0,50","0,50","0,50","0,50","0,50","0,50","0,50","0,50","0,50","0,50","0,50","0,50","0,50","0,50","0,50","0,50","0,50"
edb281e6aeeb6b70f3511cc87846805a,10 March 2021  08:39 AM,10 March 2021  08:58 AM,19 хв 27 сек,"4,00","0,00","0,50","0,00","0,50","0,00","0,00","0,00","0,00","0,00","0,50","0,00","0,00","0,50","0,50","0,50","0,50","0,00","0,50","0,00","0,00"
2d3059196a7dac14700aff3770d3cb74,10 March 2021  08:39 AM,10 March 2021  08:59 AM,20 хв,"4,50","0,50","0,50","0,50","0,50","0,00","0,00","0,00","0,00","0,50","0,50","0,00","0,50","0,50","0,00","0,00","0,50","0,00","0,00","0,00","0,00"
a40d9e74995d3d7ed521e8e95e5b74d5,10 March 2021  08:39 AM,10 March 2021  08:59 AM,20 хв,"8,50","0,50","0,50","0,50","0,50","0,50","0,50","0,00","0,00","0,50","0,50","0,50","0,50","0,50","0,50","0,50","0,50","0,50","0,50","0,00","0,50"
ab66873c636b6ecd7d3bcb7f69097e13,10 March 2021  08:41 AM,10 March 2021  08:58 AM,17 хв 46 сек,"9,00","0,50","0,50","0,50","0,50","0,50","0,50","0,50","0,50","0,50","0,50","0,50","0,50","0,50","0,50","0,50","0,50","0,00","0,00","0,50","0,50"
ce48e7a3b2c22cef0283d092cc0f0356,10 March 2021  08:42 AM,10 March 2021  09:02 AM,19 хв 32 сек,"9,50","0,50","0,50","0,50","0,50","0,50","0,50","0,50","0,50","0,50","0,50","0,50","0,50","0,50","0,50","0,50","0,50","0,50","0,50","0,00","0,50"
9dd6e144531d4461fac28beb889ffa15,10 March 2021  08:43 AM,10 March 2021  08:53 AM,9 хв 46 сек,"7,00","0,50","0,50","0,50","0,50","0,50","0,50","0,00","0,00","0,00","0,00","0,50","0,50","0,50","0,50","0,00","0,50","0,50","0,00","0,50","0,50"
0c9dac36b3f19b7f7b2f79f64b696dc4,10 March 2021  08:44 AM,10 March 2021  09:02 AM,18 хв 23 сек,"6,00","0,00","0,50","0,50","0,50","0,00","0,50","0,00","0,50","0,00","0,50","0,50","0,50","0,50","0,50","0,50","0,50","0,00","0,00","0,00","0,00"
5ae622c5c14814ff1bb9337a41b5ce5c,10 March 2021  08:44 AM,10 March 2021  08:57 AM,12 хв 8 сек,"3,00","0,50","0,00","0,00","0,50","0,00","0,00","0,00","0,00","0,50","0,50","0,00","0,00","0,50","0,50","0,00","0,00","0,00","0,00","0,00","0,00"
f0a895b4837e96d2f42ca7ae35f451ac,10 March 2021  08:51 AM,10 March 2021  09:09 AM,18 хв 25 сек,"6,00","0,00","0,50","0,50","0,50","0,50","0,00","0,00","0,00","0,00","0,50","0,00","0,50","0,50","0,50","0,50","0,50","0,00","0,50","0,00","0,50"
d745afe9160f202da78b5a4f129ce10d,10 March 2021  08:52 AM,10 March 2021  09:06 AM,14 хв 38 сек,"6,00","0,50","0,50","0,00","0,00","0,50","0,00","0,50","0,00","0,00","0,50","0,50","0,50","0,50","0,50","0,50","0,50","0,00","0,50","0,00","0,00"
bd133874ef4f924056f85e2e0444189b,10 March 2021  08:54 AM,10 March 2021  09:02 AM,8 хв 12 сек,"10,00","0,50","0,50","0,50","0,50","0,50","0,50","0,50","0,50","0,50","0,50","0,50","0,50","0,50","0,50","0,50","0,50","0,50","0,50","0,50","0,50"
58caf6ecf4ce1f98166b2414e49d97d7,10 March 2021  08:55 AM,10 March 2021  09:03 AM,7 хв 57 сек,"10,00","0,50","0,50","0,50","0,50","0,50","0,50","0,50","0,50","0,50","0,50","0,50","0,50","0,50","0,50","0,50","0,50","0,50","0,50","0,50","0,50"
90d9e55ba54d6b9f68c356957178bf23,10 March 2021  08:56 AM,10 March 2021  09:15 AM,18 хв 5 сек,"9,00","0,50","0,50","0,50","0,50","0,50","0,50","0,00","0,50","0,00","0,50","0,50","0,50","0,50","0,50","0,50","0,50","0,50","0,50","0,50","0,50"
4691f89c3647902c431c95023f9663ef,10 March 2021  08:59 AM,10 March 2021  09:16 AM,17 хв 23 сек,"8,50","0,50","0,50","0,50","0,50","0,00","0,50","0,00","0,50","0,50","0,50","0,50","0,50","0,50","0,50","0,50","0,50","0,50","0,00","0,50","0,50"
5d91cb61aad8e11982c0ce816ccdf8fe,10 March 2021  09:00 AM,10 March 2021  09:10 AM,10 хв 8 сек,"9,50","0,50","0,50","0,50","0,50","0,50","0,50","0,50","0,50","0,50","0,50","0,50","0,50","0,50","0,50","0,50","0,50","0,50","0,50","0,00","0,50"
42ab5a6585629f3e336d034b07a3f0bb,10 March 2021  09:05 AM,10 March 2021  09:21 AM,16 хв 10 сек,"7,50","0,00","0,50","0,50","0,50","0,50","0,00","0,50","0,50","0,50","0,50","0,50","0,50","0,50","0,50","0,50","0,50","0,00","0,00","0,50","0,00"
e0e29d97e65210e7854b29276f133eec,10 March 2021  09:08 AM,10 March 2021  09:27 AM,18 хв 9 сек,"10,00","0,50","0,50","0,50","0,50","0,50","0,50","0,50","0,50","0,50","0,50","0,50","0,50","0,50","0,50","0,50","0,50","0,50","0,50","0,50","0,50"
5a4070de696360e40536cd117011753b,10 March 2021  09:16 AM,10 March 2021  09:36 AM,20 хв,"7,50","0,50","0,50","0,50","0,50","0,50","0,00","0,00","0,00","0,00","0,50","0,50","0,50","0,50","0,50","0,50","0,50","0,00","0,50","0,50","0,50"
59f211c6c5cb2e46cee4c8fbedbf9bbb,10 March 2021  10:06 AM,10 March 2021  10:13 AM,6 хв 19 сек,"8,00","0,50","0,50","0,50","0,50","0,00","0,50","0,00","0,50","0,00","0,50","0,50","0,50","0,50","0,50","0,50","0,50","0,00","0,50","0,50","0,50"
ecddfc3c07799bc32e78d6447f3fcdab,10 March 2021  10:12 AM,10 March 2021  10:28 AM,15 хв 27 сек,"7,00","0,50","0,50","0,50","0,50","0,50","0,50","0,00","0,00","0,50","0,50","0,50","0,50","0,50","0,50","0,00","0,50","0,00","0,00","0,00","0,50"
e5a96f4bfb0e0716d18cf085e13a4a7a,10 March 2021  16:53 PM,10 March 2021  17:06 PM,13 хв 1 сек,"3,50","0,00","0,50","0,50","0,00","0,50","0,00","0,00","0,50","0,00","0,00","0,00","0,50","0,00","0,50","0,00","0,50","0,00","0,00","0,00","0,00"
fa266e9b0ab02aada4c3943cb37a3189,11 March 2021  11:24 AM,11 March 2021  11:30 AM,6 хв 9 сек,"9,50","0,50","0,50","0,50","0,50","0,50","0,50","0,50","0,50","0,50","0,50","0,50","0,50","0,50","0,50","0,50","0,50","0,50","0,50","0,50","0,00"
54375b64f3bc6226171b0fa210a84158,11 March 2021  11:55 AM,11 March 2021  12:11 PM,15 хв 31 сек,"9,50","0,50","0,50","0,50","0,50","0,50","0,50","0,50","0,50","0,50","0,50","0,50","0,50","0,50","0,50","0,50","0,50","0,50","0,50","0,00","0,50"
7cebdec264ec7487d1d2f2e864215d59,11 March 2021  11:58 AM,11 March 2021  12:10 PM,11 хв 39 сек,"9,50","0,50","0,50","0,50","0,50","0,50","0,50","0,50","0,50","0,50","0,50","0,50","0,50","0,50","0,50","0,50","0,50","0,50","0,50","0,50","0,00"
4a0c8175a8e0668247b3bf718ad24d5b,11 March 2021  12:00 PM,11 March 2021  12:10 PM,9 хв 25 сек,"10,00","0,50","0,50","0,50","0,50","0,50","0,50","0,50","0,50","0,50","0,50","0,50","0,50","0,50","0,50","0,50","0,50","0,50","0,50","0,50","0,50"
d536c51f5ae75f37000ebe0b172b9618,11 March 2021  12:02 PM,11 March 2021  12:13 PM,10 хв 48 сек,"9,00","0,50","0,50","0,50","0,50","0,50","0,50","0,00","0,50","0,50","0,50","0,50","0,50","0,50","0,50","0,50","0,50","0,00","0,50","0,50","0,50"
59b8775d9d47088d6e8fb36af5a2cf87,11 March 2021  12:13 PM,11 March 2021  12:25 PM,12 хв 25 сек,"9,00","0,50","0,50","0,50","0,50","0,50","0,50","0,00","0,50","0,50","0,50","0,50","0,50","0,50","0,50","0,50","0,50","0,50","0,50","0,50","0,00"
f6662d314e7d42c4cbdf4b1c8c8f4f0a,11 March 2021  12:21 PM,11 March 2021  12:27 PM,5 хв 57 сек,"10,00","0,50","0,50","0,50","0,50","0,50","0,50","0,50","0,50","0,50","0,50","0,50","0,50","0,50","0,50","0,50","0,50","0,50","0,50","0,50","0,50"
ef95d42a7388f287ea4053dab433bbf0,11 March 2021  12:54 PM,11 March 2021  13:06 PM,12 хв 30 сек,"10,00","0,50","0,50","0,50","0,50","0,50","0,50","0,50","0,50","0,50","0,50","0,50","0,50","0,50","0,50","0,50","0,50","0,50","0,50","0,50","0,50"
4004abda5093421138b9e3362aaa81f7,11 March 2021  12:56 PM,11 March 2021  13:12 PM,16 хв 4 сек,"7,00","0,50","0,50","0,50","0,50","0,50","0,50","0,00","0,50","0,50","0,50","0,50","0,50","0,50","0,50","0,00","0,50","0,00","0,00","0,00","0,00"
b9f69f6e26513b9c928435e6460bad72,11 March 2021  12:57 PM,11 March 2021  13:09 PM,12 хв 31 сек,"10,00","0,50","0,50","0,50","0,50","0,50","0,50","0,50","0,50","0,50","0,50","0,50","0,50","0,50","0,50","0,50","0,50","0,50","0,50","0,50","0,50"
253254cb9cee48cdc1e86eba40e69486,11 March 2021  12:57 PM,11 March 2021  13:08 PM,11 хв 32 сек,"9,00","0,50","0,50","0,50","0,50","0,50","0,50","0,50","0,50","0,50","0,50","0,50","0,50","0,50","0,50","0,50","0,50","0,00","0,00","0,50","0,50"
c3ae8cea313396a2a803534552af4692,11 March 2021  13:15 PM,11 March 2021  13:25 PM,10 хв 36 сек,"8,50","0,50","0,50","0,50","0,50","0,50","0,50","0,00","0,00","0,50","0,50","0,50","0,50","0,50","0,50","0,50","0,50","0,00","0,50","0,50","0,50"
efe3e23b0475022bead581de4863ad6c,11 March 2021  13:25 PM,11 March 2021  13:45 PM,20 хв 1 сек,"9,50","0,50","0,50","0,50","0,50","0,50","0,50","0,50","0,50","0,50","0,50","0,50","0,50","0,50","0,50","0,00","0,50","0,50","0,50","0,50","0,50"
2ff8b7b79da30e62a921fbb082202ae7,11 March 2021  13:35 PM,11 March 2021  13:48 PM,13 хв 17 сек,"9,00","0,50","0,50","0,50","0,50","0,50","0,50","0,00","0,50","0,50","0,50","0,50","0,50","0,50","0,50","0,50","0,50","0,50","0,00","0,50","0,50"
7e23fe4e4294ac382f033a935c68bd85,11 March 2021  13:39 PM,11 March 2021  13:50 PM,11 хв 14 сек,"9,00","0,50","0,00","0,50","0,50","0,50","0,50","0,50","0,50","0,50","0,50","0,50","0,50","0,50","0,50","0,50","0,50","0,50","0,50","0,50","0,00"
98a363ec8e9698dd2a80300e22785c9f,11 March 2021  14:10 PM,11 March 2021  14:26 PM,15 хв 49 сек,"8,00","0,50","0,50","0,50","0,50","0,50","0,50","0,00","0,50","0,50","0,50","0,50","0,50","0,50","0,50","0,50","0,50","0,50","0,00","0,00","0,00"
1bafb12287ce07318a535566793cb676,11 March 2021  14:11 PM,11 March 2021  14:20 PM,8 хв 40 сек,"9,50","0,50","0,50","0,50","0,50","0,50","0,50","0,50","0,50","0,00","0,50","0,50","0,50","0,50","0,50","0,50","0,50","0,50","0,50","0,50","0,50"
5dd0cc082f1fae8b18cdb603fb2f2e3d,11 March 2021  14:13 PM,11 March 2021  14:20 PM,7 хв 2 сек,"10,00","0,50","0,50","0,50","0,50","0,50","0,50","0,50","0,50","0,50","0,50","0,50","0,50","0,50","0,50","0,50","0,50","0,50","0,50","0,50","0,50"
3ec25d273bcc07ab47d141997895f5ee,11 March 2021  14:15 PM,11 March 2021  14:27 PM,12 хв 42 сек,"9,50","0,50","0,50","0,50","0,50","0,50","0,50","0,50","0,50","0,50","0,50","0,50","0,50","0,50","0,50","0,50","0,50","0,50","0,50","0,00","0,50"
e091c4e4a88ca1d2eea51531271f0b19,11 March 2021  14:30 PM,11 March 2021  14:46 PM,16 хв 43 сек,"9,00","0,00","0,50","0,50","0,50","0,50","0,50","0,50","0,50","0,50","0,50","0,50","0,50","0,50","0,50","0,50","0,50","0,50","0,50","0,00","0,50"
73bc816aed4fa016e9834deafd6cf673,11 March 2021  14:33 PM,11 March 2021  14:52 PM,19 хв 9 сек,"10,00","0,50","0,50","0,50","0,50","0,50","0,50","0,50","0,50","0,50","0,50","0,50","0,50","0,50","0,50","0,50","0,50","0,50","0,50","0,50","0,50"
f64c63f9522fc70e34cd557f2209e725,11 March 2021  14:34 PM,11 March 2021  14:50 PM,16 хв 33 сек,"10,00","0,50","0,50","0,50","0,50","0,50","0,50","0,50","0,50","0,50","0,50","0,50","0,50","0,50","0,50","0,50","0,50","0,50","0,50","0,50","0,50"
8d7d14b0f42a8ea2fa922e393ca590fa,11 March 2021  14:34 PM,11 March 2021  14:54 PM,20 хв,"10,00","0,50","0,50","0,50","0,50","0,50","0,50","0,50","0,50","0,50","0,50","0,50","0,50","0,50","0,50","0,50","0,50","0,50","0,50","0,50","0,50"
33b0500ed04e4fcac652aeeb2c872531,11 March 2021  14:34 PM,11 March 2021  14:46 PM,12 хв 5 сек,"9,50","0,50","0,50","0,50","0,50","0,50","0,50","0,50","0,50","0,50","0,50","0,50","0,50","0,50","0,50","0,50","0,50","0,50","0,00","0,50","0,50"
10c64f3d79dcdeb98c1ebc6e616b1220,11 March 2021  14:36 PM,11 March 2021  14:46 PM,9 хв 42 сек,"10,00","0,50","0,50","0,50","0,50","0,50","0,50","0,50","0,50","0,50","0,50","0,50","0,50","0,50","0,50","0,50","0,50","0,50","0,50","0,50","0,50"
dee3203f65f87a4cf4848ce95377975d,11 March 2021  14:46 PM,11 March 2021  15:06 PM,19 хв 32 сек,"9,50","0,50","0,50","0,50","0,50","0,50","0,50","0,00","0,50","0,50","0,50","0,50","0,50","0,50","0,50","0,50","0,50","0,50","0,50","0,50","0,50"
9789e9d77dadd228e89261b5cb8b346b,11 March 2021  15:00 PM,11 March 2021  15:17 PM,17 хв 4 сек,"10,00","0,50","0,50","0,50","0,50","0,50","0,50","0,50","0,50","0,50","0,50","0,50","0,50","0,50","0,50","0,50","0,50","0,50","0,50","0,50","0,50"
e8826783f34cabaa7a34936847cf178d,11 March 2021  15:06 PM,11 March 2021  15:16 PM,9 хв 55 сек,"9,00","0,50","0,50","0,50","0,50","0,50","0,50","0,50","0,50","0,50","0,50","0,50","0,50","0,50","0,50","0,50","0,50","0,50","0,50","0,00","0,00"
aea33c79a39465099ca1515a26ea4f48,11 March 2021  15:08 PM,11 March 2021  15:17 PM,9 хв 21 сек,"8,00","0,50","0,50","0,50","0,50","0,50","0,00","0,00","0,50","0,50","0,50","0,50","0,50","0,50","0,50","0,50","0,50","0,50","0,50","0,00","0,00"
3d032ef3a0da71d69d597c9e9c3bd37e,11 March 2021  15:08 PM,11 March 2021  15:20 PM,11 хв 12 сек,"10,00","0,50","0,50","0,50","0,50","0,50","0,50","0,50","0,50","0,50","0,50","0,50","0,50","0,50","0,50","0,50","0,50","0,50","0,50","0,50","0,50"
ebf0e6fb24afa54d3689b02fc523e212,11 March 2021  15:10 PM,11 March 2021  15:18 PM,8 хв 46 сек,"10,00","0,50","0,50","0,50","0,50","0,50","0,50","0,50","0,50","0,50","0,50","0,50","0,50","0,50","0,50","0,50","0,50","0,50","0,50","0,50","0,50"
d893358162d35d1a8ad10a042034c2e2,11 March 2021  15:11 PM,11 March 2021  15:25 PM,14 хв 47 сек,"10,00","0,50","0,50","0,50","0,50","0,50","0,50","0,50","0,50","0,50","0,50","0,50","0,50","0,50","0,50","0,50","0,50","0,50","0,50","0,50","0,50"
19ede7a4816b0cc77adcf2be1cad838b,11 March 2021  15:17 PM,11 March 2021  15:36 PM,19 хв 28 сек,"9,00","0,50","0,50","0,50","0,50","0,50","0,50","0,00","0,50","0,50","0,50","0,50","0,50","0,50","0,50","0,50","0,50","0,50","0,00","0,50","0,50"
e7b21cab186a8f3ee441688eae19c6e3,11 March 2021  15:18 PM,11 March 2021  15:33 PM,14 хв 46 сек,"9,50","0,50","0,50","0,50","0,50","0,50","0,50","0,50","0,50","0,50","0,50","0,50","0,50","0,50","0,50","0,50","0,50","0,50","0,00","0,50","0,50"
1e08a5e36a16878456ac6405183610c7,11 March 2021  15:18 PM,11 March 2021  15:25 PM,6 хв 39 сек,"8,00","0,50","0,50","0,50","0,50","0,50","0,50","0,00","0,50","0,50","0,50","0,50","0,50","0,50","0,50","0,50","0,50","0,50","0,00","0,00","0,00"
83432631f2c3b7a64d7b983d808504fa,11 March 2021  15:30 PM,11 March 2021  15:39 PM,9 хв 12 сек,"10,00","0,50","0,50","0,50","0,50","0,50","0,50","0,50","0,50","0,50","0,50","0,50","0,50","0,50","0,50","0,50","0,50","0,50","0,50","0,50","0,50"
7b8646b63a27b90e2bfc311e114f21a1,11 March 2021  15:32 PM,11 March 2021  15:51 PM,19 хв 35 сек,"9,50","0,50","0,50","0,50","0,50","0,50","0,50","0,50","0,50","0,50","0,50","0,50","0,50","0,50","0,50","0,50","0,50","0,50","0,50","0,00","0,50"
004f79b36b272a4749a746e31b2c4fb9,11 March 2021  15:51 PM,11 March 2021  16:01 PM,9 хв 52 сек,"8,50","0,00","0,50","0,50","0,50","0,50","0,50","0,50","0,50","0,50","0,50","0,50","0,50","0,00","0,50","0,50","0,50","0,50","0,50","0,50","0,00"
fe4fc372133e29cfdda0f542b1d75dcb,11 March 2021  16:02 PM,11 March 2021  16:13 PM,11 хв 27 сек,"9,50","0,50","0,50","0,50","0,50","0,50","0,50","0,50","0,50","0,50","0,50","0,50","0,50","0,50","0,50","0,50","0,50","0,50","0,50","0,50","0,00"
edbe43233d65a18db43380cdf0ec9257,11 March 2021  16:03 PM,11 March 2021  16:17 PM,13 хв 5 сек,"10,00","0,50","0,50","0,50","0,50","0,50","0,50","0,50","0,50","0,50","0,50","0,50","0,50","0,50","0,50","0,50","0,50","0,50","0,50","0,50","0,50"
4b670cf0f62a6eb8346c4e3efe072325,11 March 2021  16:22 PM,11 March 2021  16:31 PM,8 хв 34 сек,"10,00","0,50","0,50","0,50","0,50","0,50","0,50","0,50","0,50","0,50","0,50","0,50","0,50","0,50","0,50","0,50","0,50","0,50","0,50","0,50","0,50"
421ae867d240daa1dcff341097971b32,11 March 2021  16:27 PM,11 March 2021  16:34 PM,6 хв 42 сек,"8,50","0,50","0,50","0,50","0,50","0,50","0,50","0,00","0,50","0,50","0,50","0,50","0,50","0,50","0,50","0,50","0,50","0,50","0,00","0,00","0,50"
41ba9acd6c66571ce219e7ebb893ee9a,11 March 2021  16:28 PM,11 March 2021  16:39 PM,11 хв 14 сек,"9,00","0,00","0,50","0,50","0,50","0,50","0,50","0,50","0,50","0,50","0,50","0,50","0,50","0,50","0,50","0,50","0,50","0,50","0,50","0,00","0,50"
50324d5006b3863f33888b7020886e20,11 March 2021  16:29 PM,11 March 2021  16:41 PM,12 хв 7 сек,"8,00","0,00","0,50","0,50","0,50","0,50","0,50","0,00","0,50","0,50","0,50","0,50","0,50","0,50","0,50","0,50","0,50","0,50","0,50","0,00","0,00"
0a0544aff660e37c45ae7ea13c823d64,11 March 2021  16:58 PM,11 March 2021  17:12 PM,13 хв 51 сек,"10,00","0,50","0,50","0,50","0,50","0,50","0,50","0,50","0,50","0,50","0,50","0,50","0,50","0,50","0,50","0,50","0,50","0,50","0,50","0,50","0,50"
537612e80024eb7d5e5db0d6e34161d2,11 March 2021  16:58 PM,11 March 2021  17:18 PM,20 хв,"7,50","0,50","0,50","0,50","0,50","0,50","0,00","0,00","0,00","0,50","0,50","0,50","0,50","0,50","0,50","0,50","0,50","0,00","0,50","0,50","0,00"
1cf6c2480462bc86f88d2a380a25efc3,11 March 2021  16:59 PM,11 March 2021  17:19 PM,19 хв 32 сек,"8,00","0,00","0,50","0,50","0,50","0,50","0,50","0,00","0,00","0,50","0,50","0,50","0,50","0,50","0,50","0,50","0,50","0,00","0,50","0,50","0,50"
a7b7246b901392ef5d0e6b4e402a0d6e,11 March 2021  17:02 PM,11 March 2021  17:14 PM,12 хв 25 сек,"9,50","0,50","0,50","0,50","0,50","0,50","0,00","0,50","0,50","0,50","0,50","0,50","0,50","0,50","0,50","0,50","0,50","0,50","0,50","0,50","0,50"
b81f73ec2174b7eea3e3349c231db7f9,11 March 2021  17:05 PM,11 March 2021  17:19 PM,13 хв 5 сек,"10,00","0,50","0,50","0,50","0,50","0,50","0,50","0,50","0,50","0,50","0,50","0,50","0,50","0,50","0,50","0,50","0,50","0,50","0,50","0,50","0,50"
45a439c2fd5a50a132717f7d6f9159eb,11 March 2021  17:07 PM,11 March 2021  17:19 PM,12 хв 25 сек,"8,50","0,50","0,50","0,00","0,50","0,50","0,50","0,00","0,50","0,50","0,50","0,50","0,00","0,50","0,50","0,50","0,50","0,50","0,50","0,50","0,50"
b2688a730ac98e5f7fcc13c39aa6091c,11 March 2021  17:13 PM,11 March 2021  17:33 PM,20 хв,"7,50","0,00","0,50","0,50","0,50","0,50","0,50","0,50","0,00","0,00","0,50","0,50","0,50","0,50","0,50","0,00","0,50","0,50","0,50","0,00","0,50"
7644637fdfeced18f820774cd899e2a1,11 March 2021  17:18 PM,11 March 2021  17:31 PM,12 хв 16 сек,"7,50","0,50","0,50","0,50","0,50","0,50","0,50","0,00","0,00","0,00","0,50","0,50","0,50","0,50","0,50","0,50","0,50","0,00","0,50","0,50","0,00"
4bf6ef6f060b6c883b0589631c741d93,11 March 2021  17:26 PM,11 March 2021  17:34 PM,8 хв 11 сек,"9,50","0,50","0,50","0,50","0,50","0,50","0,50","0,50","0,50","0,50","0,50","0,50","0,50","0,50","0,50","0,50","0,50","0,50","0,50","0,00","0,50"
05aa7314484cacd5a878cbeed9fab58f,11 March 2021  17:26 PM,11 March 2021  17:45 PM,18 хв 35 сек,"9,50","0,50","0,50","0,50","0,50","0,50","0,50","0,00","0,50","0,50","0,50","0,50","0,50","0,50","0,50","0,50","0,50","0,50","0,50","0,50","0,50"
7401a683672e41f9de6e4f448157b86f,11 March 2021  17:33 PM,11 March 2021  17:42 PM,8 хв 44 сек,"8,50","0,50","0,50","0,50","0,50","0,50","0,50","0,50","0,50","0,50","0,50","0,50","0,50","0,50","0,50","0,00","0,50","0,50","0,00","0,00","0,50"
ab89bb61097f388752c80fcc50dbb0e4,11 March 2021  17:42 PM,11 March 2021  18:00 PM,17 хв 52 сек,"10,00","0,50","0,50","0,50","0,50","0,50","0,50","0,50","0,50","0,50","0,50","0,50","0,50","0,50","0,50","0,50","0,50","0,50","0,50","0,50","0,50"
3bb53d5b1ebd9c3848f88f388055b926,11 March 2021  17:44 PM,11 March 2021  17:50 PM,6 хв 50 сек,"9,50","0,50","0,50","0,50","0,50","0,50","0,50","0,50","0,50","0,50","0,50","0,50","0,50","0,50","0,50","0,50","0,00","0,50","0,50","0,50","0,50"
ed211229c4a3dfe903a691969c917e4d,11 March 2021  17:50 PM,11 March 2021  18:10 PM,19 хв 54 сек,"2,50","0,00","0,50","0,00","0,00","0,00","0,00","0,00","0,00","0,00","0,50","0,00","0,50","0,50","0,00","0,00","0,00","0,00","0,00","0,00","0,50"
c1e4e81f089568f9b39e1d9814224daf,11 March 2021  18:01 PM,11 March 2021  18:05 PM,4 хв 32 сек,"9,00","0,50","0,50","0,50","0,50","0,50","0,50","0,00","0,50","0,50","0,50","0,50","0,50","0,50","0,50","0,50","0,50","0,00","0,50","0,50","0,50"
4200072ce2c8a58ff0140cfae7cb54b7,11 March 2021  18:01 PM,11 March 2021  18:20 PM,19 хв 15 сек,"9,50","0,50","0,50","0,50","0,50","0,50","0,50","0,00","0,50","0,50","0,50","0,50","0,50","0,50","0,50","0,50","0,50","0,50","0,50","0,50","0,50"
018d7ae2220ba4aba8d5c79653162f77,11 March 2021  18:05 PM,11 March 2021  18:22 PM,16 хв 53 сек,"9,00","0,50","0,50","0,50","0,50","0,50","0,50","0,50","0,50","0,50","0,00","0,50","0,50","0,50","0,50","0,50","0,50","0,50","0,50","0,50","0,00"
335591bde9132f8b0c2373fb467a6422,11 March 2021  18:08 PM,11 March 2021  18:19 PM,11 хв 37 сек,"10,00","0,50","0,50","0,50","0,50","0,50","0,50","0,50","0,50","0,50","0,50","0,50","0,50","0,50","0,50","0,50","0,50","0,50","0,50","0,50","0,50"
57c19c3012e596ceae008b2fac809aa0,11 March 2021  18:09 PM,11 March 2021  18:26 PM,16 хв 41 сек,"9,50","0,50","0,50","0,50","0,50","0,50","0,50","0,50","0,50","0,50","0,50","0,50","0,50","0,50","0,50","0,50","0,00","0,50","0,50","0,50","0,50"
14a069d2fb3833af90d41fd0fab07f04,11 March 2021  18:11 PM,11 March 2021  18:20 PM,8 хв 4 сек,"8,50","0,50","0,00","0,50","0,50","0,50","0,50","0,50","0,50","0,00","0,50","0,50","0,50","0,50","0,50","0,50","0,50","0,50","0,00","0,50","0,50"
e0c853bdb55a2652e63c916f69d90175,11 March 2021  18:19 PM,11 March 2021  18:27 PM,7 хв 28 сек,"7,00","0,50","0,50","0,50","0,50","0,00","0,00","0,00","0,00","0,50","0,50","0,50","0,50","0,50","0,50","0,50","0,50","0,50","0,00","0,50","0,00"
2445e836376c12cb05ab16a2d4ec983a,11 March 2021  18:22 PM,11 March 2021  18:39 PM,16 хв 25 сек,"10,00","0,50","0,50","0,50","0,50","0,50","0,50","0,50","0,50","0,50","0,50","0,50","0,50","0,50","0,50","0,50","0,50","0,50","0,50","0,50","0,50"
47400657399bbb9288b084cb5935fc34,11 March 2021  18:43 PM,11 March 2021  18:58 PM,14 хв 35 сек,"9,00","0,50","0,50","0,50","0,50","0,50","0,50","0,00","0,00","0,50","0,50","0,50","0,50","0,50","0,50","0,50","0,50","0,50","0,50","0,50","0,50"
1de2c83adbdc873bf660ab399524c2b0,11 March 2021  18:49 PM,11 March 2021  19:09 PM,19 хв 43 сек,"8,00","0,50","0,50","0,00","0,50","0,50","0,50","0,00","0,50","0,50","0,50","0,50","0,00","0,50","0,50","0,50","0,50","0,50","0,00","0,50","0,50"
fd59449ac2eeb75b1827b5dac8c95e8c,11 March 2021  19:19 PM,11 March 2021  19:29 PM,10 хв 18 сек,"8,00","0,50","0,50","0,50","0,50","0,50","0,50","0,00","0,50","0,00","0,50","0,50","0,50","0,50","0,50","0,50","0,50","0,00","0,00","0,50","0,50"
2fa9d2fa83b75d5f080ea4bfbc389825,11 March 2021  19:50 PM,11 March 2021  20:04 PM,14 хв 6 сек,"10,00","0,50","0,50","0,50","0,50","0,50","0,50","0,50","0,50","0,50","0,50","0,50","0,50","0,50","0,50","0,50","0,50","0,50","0,50","0,50","0,50"
4febd36ae3b4bc07d79f5a4908f5e06b,11 March 2021  20:38 PM,11 March 2021  20:53 PM,15 хв,"8,50","0,50","0,50","0,50","0,50","0,50","0,50","0,00","0,50","0,50","0,50","0,50","0,50","0,50","0,50","0,50","0,50","0,50","0,00","0,00","0,50"
cae8f53decf535a2dd4cbbfb545d27eb,11 March 2021  20:43 PM,11 March 2021  20:55 PM,11 хв 14 сек,"7,50","0,50","0,50","0,50","0,50","0,50","0,50","0,00","0,00","0,50","0,50","0,50","0,50","0,50","0,50","0,50","0,50","0,50","0,00","0,00","0,00"
9c0a60276bbe8f6c05b590f36e5ac382,11 March 2021  21:20 PM,11 March 2021  21:40 PM,19 хв 59 сек,"4,00","0,50","0,50","0,50","0,00","0,50","0,50","0,00","0,50","0,00","0,50","0,00","0,00","0,50","0,00","0,00","0,00","0,00","0,00","0,00","0,00"
c20993dbb81daf677661556711f86a41,11 March 2021  22:24 PM,11 March 2021  22:40 PM,15 хв 34 сек,"9,00","0,50","0,50","0,50","0,50","0,50","0,50","0,50","0,50","0,50","0,50","0,50","0,00","0,50","0,50","0,50","0,50","0,00","0,50","0,50","0,50"
0abbca5c0d2cc3c8a869a8e02521ad3f,12 March 2021  10:12 AM,12 March 2021  10:18 AM,5 хв 57 сек,"9,00","0,50","0,50","0,50","0,50","0,00","0,50","0,50","0,50","0,50","0,50","0,50","0,50","0,50","0,50","0,50","0,50","0,50","0,50","0,50","0,00"
d521462d7ea2a05f024fe16a9f7079a4,12 March 2021  11:02 AM,12 March 2021  11:18 AM,15 хв 59 сек,"9,50","0,50","0,50","0,50","0,50","0,50","0,50","0,50","0,50","0,50","0,50","0,50","0,50","0,50","0,50","0,50","0,50","0,50","0,50","0,50","0,00"
331b624ed1f623e722d20cc9e85ea399,12 March 2021  12:05 PM,12 March 2021  12:16 PM,10 хв 52 сек,"8,00","0,50","0,50","0,00","0,50","0,00","0,50","0,00","0,50","0,50","0,50","0,50","0,50","0,50","0,50","0,50","0,50","0,00","0,50","0,50","0,50"
8b45c759558f05f424431711ac0705ea,12 March 2021  13:34 PM,12 March 2021  13:54 PM,20 хв 1 сек,"5,50","0,00","0,50","0,50","0,50","0,50","0,50","0,00","0,00","0,50","0,50","0,50","0,00","0,50","0,50","0,00","0,50","0,00","0,00","0,00","0,00"
bcd7ce3324bced40366be7bdec0924e1,12 March 2021  13:39 PM,12 March 2021  13:56 PM,17 хв 20 сек,"5,50","0,50","0,50","0,50","0,50","0,00","0,50","0,00","0,50","0,00","0,50","0,50","0,00","0,50","0,50","0,50","0,00","0,00","0,00","0,00","0,00"
fa96bb0edc2262658963c534ba2ec6d1,12 March 2021  18:07 PM,12 March 2021  18:27 PM,20 хв 28 сек,"8,50","0,50","0,50","0,50","0,50","0,50","0,50","0,50","0,50","0,50","0,50","0,50","0,50","0,50","0,50","0,00","0,50","0,50","0,00","0,00","0,50"
77f16f13190c75fa367842734af09b41,12 March 2021  19:11 PM,12 March 2021  19:22 PM,11 хв 40 сек,"9,00","0,50","0,50","0,50","0,50","0,50","0,50","0,50","0,00","0,50","0,50","0,50","0,50","0,50","0,50","0,50","0,50","0,00","0,50","0,50","0,50"
8cc1061f12319ef2d99135bc6722d70f,12 March 2021  22:28 PM,12 March 2021  22:42 PM,14 хв 10 сек,"8,00","0,50","0,50","0,50","0,00","0,50","0,50","0,50","0,50","0,50","0,50","0,50","0,00","0,50","0,50","0,50","0,50","0,50","0,00","0,00","0,50"
